id,歌唱者,作品名,歌手,曲名,パート分け,練習中,要復習,非公開
1,月見ヤチヨ,Orbit,yuigot,Remember,,,,
2,月見ヤチヨ,Orbit,Aqu3ra,星降る海,,,,
3,V.A.,Compilation,Unknown,私は、わたしの事が好き。,,,,
1777465750795.25,あきらん,,,超かぐや姫!,,,,
1777465750795.9346,あきらん,,,SI-VIS,,,,
1777465750795.8909,あきらん,呪術廻戦,King Gnu,AIZO,1,,,
1777465750795.4692,あきらん,機動戦士ガンダム 閃光のハサウェイ キルケーの魔女,"川上洋平, SennaRin",ENDROLL,1,,,
1777465750795.0645,超かぐや姫!,,,超かぐや姫!,,,,
1777465750795.045,あきらん,推しの子,B小町,Bのリベンジ,1,,,
1777465750795.2102,超かぐや姫!,超かぐや姫!,月見ヤチヨ(早見沙織),Remember,,,,
1777465750795.4426,超かぐや姫!,超かぐや姫!,月見ヤチヨ(早見沙織),星降る海,,,,
1777465750795.8408,超かぐや姫!,超かぐや姫!,かぐや(夏吉ゆうこ),私は、わたしの事が好き。,,,,
1777465750795.4285,超かぐや姫!,超かぐや姫!,月見ヤチヨ(早見沙織)&かぐや(夏吉ゆうこ),Ex-Otogibanashi,1,,,
1777465750795.454,超かぐや姫!,超かぐや姫!,かぐや(夏吉ゆうこ),瞬間、シンフォニー。,,,,
1777465750795.15,超かぐや姫!,超かぐや姫!,かぐや(夏吉ゆうこ),Reply,,,,
1777465750795.162,あきらん,JELEE,JELEE,JOURNEE,,,,
1777465750795.5479,あきらん,クレバテス-魔獣の王と赤子と屍の勇者-,前島麻由,Ruler,,,,
1777465750795.9062,あきらん,推しの子,なとり,セレナーデ,,,,
1777465750795.1711,あきらん,最後にひとつだけお願いしてもよろしいでしょうか,CHiCO with HoneyWorks,戦場の華,,,,
1777465750795.6804,あきらん,プリンセッション・オーケストラ,オルケリア,QUINTET PULSE,1,,,
1777465750795.3062,あきらん,マクロスΔ,Yami_Q_ray,Diva in Abyss,1,,,
1777465750796.4067,あきらん,Fate/strange Fake,13.3g,潜在的なアイ,,,,
1777465750796.546,あきらん,Summer Pockets,鈴木このみ,アルカテイル,,,,
1777465750796.7375,あきらん,ゼロから始める異世界生活,鈴木このみ,Redo,,,,
1777465750796.3918,あきらん,わたしが恋人になれるわけないじゃん、ムリムリ!(※ムリじゃなかった！？) ～ネクストシャイン！～,クインテット,ディア・マイ・スペシャル・プレシャス・マーベラス・スウィート・ダーリンズ,1,,,
1777465750796.8594,超かぐや姫!,超かぐや姫!,月見ヤチヨ(早見沙織)&かぐや(夏吉ゆうこ),ray,1,,,
1777465750796.414,成田,,,Bのリベンジ,1,,,
1777465750796.3257,成田,,,潜在的なアイ,,1,,
1777465750796.193,あきらん,ゼロから始める異世界生活,鈴木このみ,Realize,,,,
1777465750796.7344,あきらん,ゼロから始める異世界生活,鈴木このみ,Reweave,,,,
1777465750796.957,あきらん,勇者パーティを追い出された器用貧乏,常闇トワ,シルベ,,,,
1777465750796.2935,あきらん,超かぐや姫!,月見ヤチヨ(早見沙織),Remember,,,,
1777465750796.2397,あきらん,超かぐや姫!,月見ヤチヨ(早見沙織),星降る海,,,,
1777465750796.2605,あきらん,超かぐや姫!,かぐや(夏吉ゆうこ),私は わたしの事が好き。,,,,
1777465750796.1926,あきらん,超かぐや姫!,月見ヤチヨ(早見沙織)&かぐや(夏吉ゆうこ),Ex-Otogibanashi,1,,,
1777465750796.191,あきらん,超かぐや姫!,かぐや(夏吉ゆうこ),瞬間 シンフォニー。,,,,
1777465750796.0396,あきらん,超かぐや姫!,かぐや(夏吉ゆうこ),Reply,,,,
1777465750796.3137,あきらん,超かぐや姫!,月見ヤチヨ(早見沙織)&かぐや(夏吉ゆうこ),ray,1,,,
1777465750796.6152,あきらん,超かぐや姫!,月見ヤチヨ(早見沙織)&かぐや(夏吉ゆうこ),ワールドイズマイン,1,,,
1777465750796.629,あきらん,アルネの事件簿,Sou,Q.E.D.,,,,
1777465750796.9924,あきらん,うるわしの宵の月,UNISON SQUARE GARDEN,うるわし,,,,
1777465750796.3135,あきらん,うるわしの宵の月,UNISON SQUARE GARDEN,アザレアの風,,,,
1777465750796.0913,あきらん,MFゴースト,芹澤優,TIMELESS POWER(feat. MOTSU),1,,,
1777465750796.8484,あきらん,エリスの聖杯,鷲尾伶菜,Happy Ever After feat. 由薫,,,,
1777465750796.2412,あきらん,幼馴染とはラブコメにならない,HoneyWorks meets(水萌汐・火威灯・月見るな・日向春),あいらびゅ♡,1,,,
1777465750796.3765,あきらん,推しの子,ちゃんみな,TEST ME,,,,
1777465750796.111,あきらん,かぐや様は告らせたい 大人への階段,鈴木雅之 feat.古賀葵,アブナイキオク,1,,,
1777465750796.524,あきらん,カヤちゃんはコワくない,朔雀＆導凰,Playmour(feat. カヤちゃん),,1,,
1777465750796.7827,あきらん,地獄先生ぬ～べ～,THE ORAL CIGARETTES,ERASE,,,,
1777465750796.7788,あきらん,地獄先生ぬ～べ～,Ayumu Imazu,MAGICAL,,1,,
1777465750796.007,あきらん,地獄楽,キタニタツヤ feat. BABYMETAL,かすかなはな,1,,,
1777465750796.3333,あきらん,呪術廻戦,jo0ji,よあけのうた,,1,,
1777465750796.9778,あきらん,葬送のフリーレン,Mrs. GREEN APPLE,lulu.,,,,
1777465750796.002,あきらん,ダーウィン事変,Official髭男dism,Make Me Wonder,,,,
1777465750796.9421,あきらん,多聞くん今どっち！？,F/ACE,Sweet Magic,1,,,
1777465750796.7915,あきらん,多聞くん今どっち！？,F/ACE,花と夢,1,1,,
1777465750796.4158,あきらん,花ざかりの君たちへ,YOASOBI,アドレナ,,,,
1777465750796.1282,あきらん,花ざかりの君たちへ,YOASOBI,BABY,,,,
1777465750796.4482,あきらん,ヴィジランテ -僕のヒーローアカデミア ILLEGALS-（第2期）,すりぃ,CATCH!!!,,,,
1777465750796.9136,あきらん,ヴィジランテ -僕のヒーローアカデミア ILLEGALS-（第2期）,シャイトープ,ミス・ユー,,1,,
1777465750796.0095,あきらん,魔王の娘は優しすぎる!!,ジャヒー（CV.大橋彩香） ドゥ（CV.久野美咲） アーリマン（CV.大塚明夫）,いっこにこにこ,1,,,
1777465750796.5378,あきらん,真夜中ハートチューン,星街すいせい,月に向かって撃て,,,,
1777465750796.9116,あきらん,真夜中ハートチューン,Soala,声の軌跡,,,,
1777465750797.876,あきらん,メダリスト,HANA,Cold Night,,,,
1777465750797.3684,あきらん,メダリスト,Conton Candy,Rookies,,1,,
1777465750797.6719,あきらん,勇者刑に処す(懲罰勇者9004隊刑務記録),SPYAIR,Kill the Noise,,,,
1777465750797.2612,あきらん,勇者パーティーにかわいい子がいたので 告白してみた。,吉乃,Lavish!!,,,,
1777465750797.1008,あきらん,SI-VIS,SI-VIS,スーパーノヴァ,1,,,
1777465750797.2407,あきらん,SI-VIS,SI-VIS,Singing Over,1,,,
1777465750797.7207,あきらん,ある日 お姫様になってしまった件について,Daoko,いいよ,,1,,
1777465750797.5032,あきらん,ある日 お姫様になってしまった件について,XAI,その瞳で,,1,,
1777465750797.447,あきらん,異世界かるてっと,アインズ カズマ スバル ターニャ,異世界こんちぇると,1,,,
1777465750797.9622,あきらん,異世界かるてっと,鈴木このみ 伊東歌詞太郎,君色 僕色,1,,1,
1777465750797.0222,あきらん,ウマ娘 シンデレラグレイ,オグリキャップ タマモクロス,ふたり,1,,,
1777465750797.7961,あきらん,笑顔のたえない職場です。,HoneyWorks feat.ハコニワリリィ,絶対称賛！,1,,,
1777465750797.2534,あきらん,笑顔のたえない職場です。,Sizuk,Thankful,,,,
1777465750797.605,あきらん,かくりよの宿飯(弐),東山奈央,とおりゃんせ,,,,
1777465750797.9219,あきらん,かくりよの宿飯(弐),津場木葵(CV.東山奈央)大旦那(CV.小西克幸),涙のレシピ×ひと匙の光,1,1,,
1777465750797.4932,あきらん,機械じかけのマリー,マリー(東山奈央)&マリー2(小清水亜美),Cross heart～偽りのない気持ち,1,1,,
1777465750797.6516,あきらん,結婚指輪物語Ⅱ,Sizuk,Daybreak,,,,
1777465750797.0066,あきらん,最後にひとつだけお願いしてもよろしいでしょうか,シユイ,インフェリア,,1,,
1777465750797.182,あきらん,SI-VIS,SI-VIS,So Far Away,1,,,
1777465750797.1213,あきらん,SI-VIS,SI-VIS,MELODEA,,,,
1777465750797.3782,あきらん,SI-VIS,SI-VIS,幻想曲(アラベスク)を君に,,,,
1777465750797.112,あきらん,SI-VIS,SI-VIS,Braver Dreamer,1,,,
1777465750797.143,あきらん,SI-VIS,SI-VIS,FRIENDS ＆ SMILE,1,,,
1777465750797.6807,あきらん,終末ツーリング,Myuk,グライド,,,,
1777465750797.027,あきらん,SPY×FAMILY(Season 3),スピッツ,灯を護る,,1,,
1777465750797.1675,あきらん,千歳くんはラムネ瓶のなか,サイダーガール,陽炎,,,1,
1777465750797.5264,あきらん,永久のユウグレ,Uru,プラットフォーム,,,,
1777465750798.9915,あきらん,僕のヒーローアカデミア(FINAL SEASON),ポルノグラフィティ,THE REVO,,,,
1777465750798.319,あきらん,僕のヒーローアカデミア(FINAL SEASON),BUMP OF CHICKEN,I,,,,
1777465750798.1106,あきらん,無職の英雄 ～別にスキルなんか要らなかったんだが～,ウタヒメドリームオールスターズ,奇跡なんかいらない,1,,,
1777465750798.559,あきらん,野生のラスボスが現れた！,岸田教団＆THE明星ロケッツ,レベルを上げて物理で殴る,,,1,
1777465750798.504,あきらん,私を喰べたい ひとでなし,吉乃,贄-nie-,,,,
1777465750798.4204,あきらん,私を喰べたい ひとでなし,八百歳比名子（CV：上田麗奈）,リリィ,,,,
1777465750798.5615,成田,SI-VIS,SI-VIS,スーパーノヴァ,1,,,
1777465750798.9348,成田,メダリスト,HANA,Cold Night,,,,
1777465750798.9758,成田,呪術廻戦,AIZO,King Gnu,1,,,
1777465750798.2358,成田,地獄楽,キタニタツヤ feat. BABYMETAL,かすかなはな,1,,,
1777465750798.5022,成田,超かぐや姫!,月見ヤチヨ(早見沙織)&かぐや(夏吉ゆうこ),Ex-Otogibanashi,1,1,,
1777465750798.5269,成田,超かぐや姫!,月見ヤチヨ(早見沙織)&かぐや(夏吉ゆうこ),ray,1,1,,
1777465750798.0222,成田,超かぐや姫!,かぐや(夏吉ゆうこ),Reply,1,1,,
1777465750798.4294,あきらん,劇場版 うたの☆プリンスさまっ♪ TABOO NIGHT XXXX LIVE,QUARTET NIGHT,TABOO NIGHT XXXX,1,,,
1777465750798.436,成田,機動戦士ガンダム 閃光のハサウェイ,"川上洋平,SennaRin",ENDROLL,1,,,
1777465750798.4148,あきらん,SANDA,yama,アダルトチックチルドレン,,,1,
1777465750798.206,あきらん,とんでもスキルで異世界放浪メシ,CENT,yummy goodday,,1,,
1777465750798.9602,あきらん,不器用な先輩。,angela,不器用なI love you,,1,,
1777465750798.735,あきらん,不器用な先輩。,前島亜美,不器用に 君のとなり,,1,,
1777465750798.1404,あきらん,無職の英雄 ～別にスキルなんか要らなかったんだが～,花耶,Reincarnation,,,1,
1777465750798.1943,芝ちゃん,世界でいちばん強くなりたい!,Sweet Diva,Fan Fanfare!!!,1,,,
1777465750798.1663,えみち,幼馴染とはラブコメにならない,,あいらびゅ,1,,,
1777465750798.4468,えみち,勇者パーティーにかわいい子がいたので、告白してみた,,YES サマーラブ,1,,,
1777465750798.6409,えみち,,【推しの子】,Bのリベンジ,1,,,
1777465750798.083,えみち,29歳独身中堅冒険者の日常,,君が灯してくれた光を今,,,,
1777465750798.5464,えみち,人外教室の人間嫌い教師,,ニンゲン,,,,
1777465750798.7966,芝ちゃん,Re:ステージ！ ドリームデイズ♪,KiRaRe,"Don’t think, スマイル!!",1,,,
1777465750799.9778,,悪役令嬢は隣国の王太子に溺愛される,,愛のファンファーレ,1,,,
1777465750799.1775,えみち,,,One In A Billion,,,,
1777465750799.3276,えみち,,,Harmony 4 You,,,,
1777465750799.0703,えみち,超かぐや姫,,私は　わたしの事が好き,,,,
1777465750799.1133,えみち,,,レナセールセレナーデ,,,,
1777465750799.2876,えみち,,,YESとNOの間に,,,,
1777465750799.0337,えみち,学園アイドルマスター,,理論武装して,,1,,
1777465750799.0867,えみち,,,桜のかくしごと,1,,,
1777465750799.6836,ながし,機動戦士ガンダム 閃光のハサウェイ キルケーの魔女,川上洋平 [Alexandros] × SennaRin,ENDROLL,1,,,
1777465750799.9382,ながし,僕の心のヤバイやつ,ヨルシカ,茜,,,,
1777465750799.5925,ながし,ばっどがーる,天狼群,オオカミ・ザ・ライトニング,1,,,
1777465750799.7812,ながし,幼馴染とはラブコメにならない,HoneyWorks meets 水萌汐・火威灯・月見るな・日向春,あいらびゅ♡,1,,,
1777465750799.6208,ながし,人外教室の人間嫌い教師,水月鏡花(CV.雨宮天)、尾々守一咲(CV.大西沙織)、右左美彗(CV.長縄まりあ)、羽根田トバリ(CV.田辺留依),人間カムトゥルー！,1,,,
1777465750799.778,ながし,カヤちゃんはコワくない,朔雀 & 導凰,Playmour feat. カヤちゃん,1,,,
1777465750799.4407,ながし,カヤちゃんはコワくない,朔雀 & 導凰,まぼろしの行方,1,,,
1777465750799.331,ながし,推しの子,B小町,Bのリベンジ,1,,,
1777465750799.022,ながし,SI-VIS: The Sound of Heroes,SI-VIS,スーパーノヴァ,1,,,
1777465750799.1147,ながし,超かぐや姫！,月見ヤチヨ(cv.早見沙織),Remember,,,,
1777465750799.2212,ながし,超かぐや姫！,月見ヤチヨ(cv.早見沙織),星降る海,,,,
1777465750799.4136,ながし,超かぐや姫！,かぐや(cv.夏吉ゆうこ)月見ヤチヨ(cv.早見沙織),Ex-Otogibanashi,1,,,
1777465750799.8083,ながし,超かぐや姫！,かぐや(cv.夏吉ゆうこ)月見ヤチヨ(cv.早見沙織,ray,1,,,
1777465750799.6682,ながし,超かぐや姫！,かぐや(cv.夏吉ゆうこ),私は、わたしの事が好き。,,,,
1777465750799.8992,ながし,超かぐや姫！,かぐや(cv.夏吉ゆうこ),瞬間、シンフォニー。,,,,
1777465750799.231,ながし,ひげを剃る。そして女子高生を拾う。,DIALOGUE＋,おもいでしりとり,1,,,
1777465750799.6008,ながし,悪役令嬢は隣国の王太子に溺愛される,高垣彩陽 feat. 城田優,愛のファンファーレ,1,,,
1777465750799.9307,ながし,勇者パーティーにかわいい子がいたので、告白してみた。,ハピネス（野口衣織（＝LOVE））・シケ（櫻井もも（≠ME））・ミサキ（小澤愛実（≒JOY））,YES！サマーラブ♡,1,,,
1777465750799.8457,ながし,地獄楽 第二期,キタニタツヤ feat. BABYMETAL,かすかなはな,1,,,
1777465750800.182,ながし,呪術廻戦（死滅回游 前編）,King Gnu,AIZO,1,,,
1777465750800.6375,ながし,正反対な君と僕,乃紫,メガネを外して,,,,
1777465750800.7095,ながし,葬送のフリーレン,milet,The Story of Us,,,,
1777465750800.8909,ながし,魔王の娘は優しすぎる!!,ジャヒー（大橋彩香）、ドゥ（久野美咲）、アーリマン（大塚明夫）,いっこにこにこ,1,,,
1777465750800.7493,明（めい）,GEAR戦士電童,三重野瞳 with 影山ヒロノブ,W-Infinity,1,,,
1777465750800.4326,明（めい）,破邪大星ダンガイオー,堀江美都子、水木一郎,CROSS FIGHT!,1,,,
1777465750800.97,明（めい）,神魂合体ゴーダンナー!!,堀江美都子&水木一郎,ENGAGE!!!ゴーダンナー,1,,,
1777465750800.0908,明（めい）,神魂合体ゴーダンナー!!,堀江美都子&水木一郎,塹壕の棺（ザンゴウノヒツギ）,1,,,
1777465750800.7537,富居精市,愛の若草物語,橋本潮,気になる男の子,,,,
1777465750800.6665,富居精市,若草物語 ナンとジョー先生,伊藤薫,虹色のオルゴォル,,,,
1777465750800.6377,富居精市,マジンガーZ,水木一郎,マジンガーZ,,,,
1777465750800.5925,富居精市,新スーパーロボット大戦,安岡孝章,Everywhere You Go,,,,
1777465750800.5168,0308複数人歌唱,地獄楽　第二期,キタニタツヤ feat. BABYMETAL,かすかなはな,1,,,
1777465750800.5586,0308複数人歌唱,笑顔のたえない職場です。,HoneyWorks feat.ハコニワリリィ,絶対称賛！,1,,,
1777465750800.9478,0308複数人歌唱,プロジェクトセカイ カラフルステージ! feat. 初音ミク,Vivid BAD SQUAD,シネマ,1,,,
1777465750800.4404,0308複数人歌唱,プロジェクトセカイ カラフルステージ! feat. 初音ミク,Vivid BAD SQUAD,DAYBREAK FRONTLINE,1,,,
1777465750800.9553,0308複数人歌唱,プロジェクトセカイ カラフルステージ! feat. 初音ミク,ワンダーランズ×ショウタイム,88☆彡,1,,,
1777465750801.8948,0308複数人歌唱,外れスキル《木の実マスター》 ～スキルの実（食べたら死ぬ）を無限に食べられるようになった件について～,アーリオ・オーリオ・エ・ペペロンチーノ×雪花ラミィ,ブレイブリーダンス,1,,,
1777465750801.6628,0308複数人歌唱,セキレイ,結(早見沙織)・月海(井上麻里奈)・草野(花澤香菜)・松(遠藤綾),セキレイ,1,,,
1777465750801.2134,0308複数人歌唱,マブラヴ オルタネイティヴ,"JAM Project, 栗林みな実",暁を撃て,1,,,
1777465750801.7244,0308複数人歌唱,四月は君の嘘,Goose house,光るなら,1,,,
1777465750801.7903,0308複数人歌唱,MFゴースト 3rd Season,芹澤優,TIMELESS POWER feat. MOTSU,1,,,
1777465750801.3267,0308複数人歌唱,悪役令嬢は隣国の王太子に溺愛される,高垣彩陽 feat. 城田優,愛のファンファーレ,1,,,
1777465750801.5134,0308複数人歌唱,魔法使いの嫁,AIKI & AKINO from bless4,月のもう半分,1,,,
1777465750801.6143,0308複数人歌唱,未ル わたしのみらい,V.W.P,愛詩,1,,,
1777465750801.2454,0308複数人歌唱,継母の連れ子が元カノだった,DIALOGUE+,デネブとスピカ,1,,,
1777465750801.5496,0308複数人歌唱,劇場版マクロスΔ 絶対LIVE!!!!!!,ワルキューレ,ワルキューレはあきらめない,1,,,
1777465750801.5508,成田,超かぐや姫,かぐや(夏吉ゆうこ),瞬間、シンフォニー,,1,,
1777465750801.7634,成田,前橋ウィッチーズ,前橋ウィッチーズ,スゴすぎ前橋ウィッチーズ,1,,,
1777465750802.127,成田,前橋ウィッチーズ,前橋ウィッチーズ,それぞれのドア,1,,,
1777465750802.1719,成田,前橋ウィッチーズ,前橋ウィッチーズ,夢よ、咲け,1,,,
1777465750802.753,成田,前橋ウィッチーズ,前橋ウィッチーズ,シャボン・テンション,1,,,
1777465750802.1787,成田,前橋ウィッチーズ,前橋ウィッチーズ,You Are My World,1,,,
1777465750802.697,成田,前橋ウィッチーズ,前橋ウィッチーズ,無敵☆PAYAPAYA,1,,,
1777465750802.6003,成田,前橋ウィッチーズ,前橋ウィッチーズ,Meteor Shower,1,,,
1777465750802.0215,成田,前橋ウィッチーズ,前橋ウィッチーズ,MATSURI day PARTY,1,,,
1777465750802.4214,成田,前橋ウィッチーズ,前橋ウィッチーズ,メジルシ,1,,,
1777465750802.8472,成田,前橋ウィッチーズ,前橋ウィッチーズ,今は小さな蕾でも,1,,,
1777465750802.2737,成田,前橋ウィッチーズ,前橋ウィッチーズ,ユメミ誇れ！ユメ咲き踊れ！,1,,,
1777465750802.1582,成田,プリンセッション・オーケストラ,オルケリア,ゼッタイ歌姫宣言ッ,1,,1,
1777465750802.565,成田,プリンセッション・オーケストラ,オルケリア,君とつなぐオーケストラ,1,,1,
1777465750802.315,成田,劇場版 チェンソーマン レゼ篇,米津玄師、宇多田ヒカル,JANE DOE,1,1,,
1777465750802.7715,成田,SI-VIS: The Sound of Heroes,SI-VIS,So Far Away,1,,1,
1777465750802.1826,成田,俺だけレベルアップな件,LiSA,ReawakeR,1,,1,
1777465750802.6187,成田,ウマ娘 シンデレラグレイ,オグリキャップ,ふたり,1,,,
1777465750802.4397,成田,異世界かるてっと3,アインズ,異世界こんちぇると,1,,,
1777465750802.1492,成田,天久鷹央の推理カルテ,ゴスペラーズ,will be fine,1,,1,
1777465750802.7554,成田,ぽんのみち,中田花奈,ポンポポポン,1,,1,
1777465750802.8718,成田,勇気爆発バーンブレイバーン,イサミ・アオ,双炎の肖像,1,,1,
1777465750802.476,成田,じいさんばあさん若返る,正蔵&イネ,添い遂げYO-YO,1,,1,
1777465750802.2458,成田,響け!ユーフォニアム,北宇治カルテット,音色の彼方,1,,,
1777465750802.8035,成田,この素晴らしい世界に祝福を,アクア,あの日のままのぼくら,1,,1,
1777465750803.3296,成田,鬼滅の刃 柱稽古編,MY FIRST STORY × HYDE,夢幻,1,,,
1777465750803.1067,成田,鬼滅の刃 柱稽古編,HYDE × MY FIRST STORY,永久 -トコシエ-,1,,,
1777465750803.745,成田,MFゴースト,芹澤優,ROCK ME KISS ME feat. MOTSU,1,,1,
1777465750803.344,成田,シャングリラ・フロンティア,FZMZ feat. icy,Danger Danger,1,1,1,
1777465750803.7793,成田,【推しの子】,GEMN,ファタール,1,,,
1777465750803.7024,成田,【推しの子】,B小町,サインはB,1,,,
1777465750803.7915,成田,【推しの子】,B小町,STAR☆T☆RAIN,1,,1,
1777465750803.1338,成田,【推しの子】,B小町,HEART's♡KISS,1,,,
1777465750803.6484,成田,【推しの子】,B小町,POP IN 2,1,,,
1777465750803.6934,成田,【推しの子】,B小町,Say What？,1,,,
1777465750803.403,成田,【推しの子】,B小町,深海52Hz,1,,,
1777465750803.8584,成田,俺は全てを【パリイ】する,ウタヒメドリーム オールスターズ,ノーギフテッド,1,,1,
1777465750804.3928,成田,2.5次元の誘惑,天乃リリサ,Watch Me,1,,1,
1777465750804.018,成田,2.5次元の誘惑,天乃リリサ,Release Sigh,1,,1,
1777465750804.749,成田,ATRI -My Dear Moments-,乃木坂46,あの光,1,,,
1777465750804.4827,成田,ATRI -My Dear Moments-,22/7,YESとNOの間に,1,,1,
1777465750804.274,成田,負けヒロインが多すぎる,ぼっちぼろまる,つよがるガール feat. もっさ,1,,1,
1777465750804.638,成田,ウマ娘 プリティーダービー 新時代の扉,ジャングルポケット,Ready!! Steady!! Derby!,1,,,
1777465750804.641,成田,ウマ娘 プリティーダービー 新時代の扉,ジャングルポケット,PRISMATIC SPURT!!!!,1,,,
1777465750804.3452,成田,ウマ娘 プリティーダービー ROAD TO THE TOP,ナリタトップロード,Glorious Moment!,1,,,
1777465750804.6357,成田,デッドデッドデーモンズデデデデデストラクション,ano × 幾田りら,SHINSEKAIより,1,,,
1777465750804.592,成田,デッドデッドデーモンズデデデデデストラクション,ano feat. 幾田りら,絶絶絶絶対聖域,1,1,,
1777465750804.5322,成田,機動戦士ガンダムSEED,Vivian or Kazuma,moment,1,,,
1777465750804.5432,成田,無職転生,LONGMAN,spiral,1,,,
1777465750804.217,成田,暗殺者である俺のステータスが勇者よりも明らかに強いのだが,VESPERBELL,一閃,1,1,,
1777465750804.7314,成田,進化の実～知らないうちに勝ち組人生,サリア,進化→LOVE,1,1,,
1777465750804.049,成田,マクロスF,May'n 中島愛,dシュディスタb,1,,1,
1777465750805.0315,あきらん,前橋ウィッチーズ,前橋ウィッチーズ,夢よ、咲け,1,,1,
1777465750805.0037,あきらん,プリンセッション・オーケストラ,オルケリア,ゼッタイ歌姫宣言ッ,1,,,
1777465750805.951,あきらん,プリンセッション・オーケストラ,オルケリア,君とつなぐオーケストラ,1,,,
1777465750805.5232,あきらん,プリンセッション・オーケストラ,オルケリア,TRIAD FORCE,1,,,
1777465750805.1428,あきらん,俺だけレベルアップな件,LiSA,ReawakeR,1,,,
1777465750805.8606,あきらん,響け!ユーフォニアム,北宇治カルテット,音色の彼方,1,,,
1777465750805.4053,あきらん,鬼滅の刃 柱稽古編,MY FIRST STORY × HYDE,夢幻,1,,,
1777465750805.3774,あきらん,シャングリラ・フロンティア,FZMZ feat. icy,Danger Danger,1,,,
1777465750805.9993,あきらん,【推しの子】,GEMN,ファタール,1,,,
1777465750806.9473,あきらん,【推しの子】,B小町,サインはB,1,,,
1777465750806.2034,あきらん,【推しの子】,B小町,STAR☆T☆RAIN,1,,,
1777465750806.7273,あきらん,【推しの子】,B小町,POP IN 2,1,,,
1777465750806.2075,あきらん,俺は全てを【パリイ】する,ウタヒメドリーム オールスターズ,ノーギフテッド,1,,,
1777465750806.7598,あきらん,2.5次元の誘惑,天乃リリサ,Watch Me,1,,,
1777465750806.662,あきらん,2.5次元の誘惑,天乃リリサ,Release Sigh,1,,,
1777465750806.655,あきらん,負けヒロインが多すぎる,ぼっちぼろまる,つよがるガール feat. もっさ,1,,,
1777465750806.1147,あきらん,ウマ娘 プリティーダービー 新時代の扉,ジャングルポケット,Ready!! Steady!! Derby!,1,,,
1777465750806.934,あきらん,無職転生,LONGMAN,spiral,1,,,
1777465750806.1091,あきらん,ばっどがーる,天狼群,すーぱーびっぐらぶ！,1,,,
1777465750806.7146,あきらん,ばっどがーる,天狼群,BAD SURPRISE,1,,,
1777465750807.1797,あきらん,ぐらんぶる,SEAMO,裸でどつきあい feat.May'n,1,,,
1777465750807.211,あきらん,うたごえはミルフィーユ,うたごえはミルフィーユ,思い出話,1,,,
1777465750807.4248,あきらん,うたごえはミルフィーユ,うたごえはミルフィーユ,うたごえハイシックス,1,,,
1777465750807.5076,あきらん,うたごえはミルフィーユ,Parabola,Riskey Business,1,,,
1777465750808.7568,あきらん,ロックは淑女の嗜みでして,Little Glee Monster,夢じゃないならなんなのさ,1,,,
1777465750808.5676,あきらん,男女の友情は成立する?（いや、しないっ!!）,MARUMOCHI from HoneyWorks,質問、恋って何でしょうか ?,1,,,
1777465750808.4482,あきらん,忍者と殺し屋のふたりぐらし,MARUMOCHI from HoneyWorks,にんころダンス,1,,,
1777465750808.423,あきらん,MONO,シネフォト部,メニメリ・メモリーズ,1,,,
1777465750808.1125,あきらん,外れスキル《木の実マスター》 ～スキルの実（食べたら死ぬ）を無限に食べられるようになった件について～,アーリオ・オーリオ・エ・ペペロンチーノ 雪花ラミィ,ブレイブリーダンス,1,,,
1777465750808.8328,あきらん,黒岩メダカに私の可愛いが通じない,いろはにほへっと あやふぶみ,雨トキメキ恋模様,1,,,
1777465918275.5444,つぼはち,Summer Pockets,鈴木このみ,アルカテイル,,,,
1777465918275.8572,つぼはち,Fate/strange Fake,13.3g,潜在的なアイ,,,1,
1777465918275.1702,つぼはち,真夜中ハートチューン,星街すいせい,月に向かって撃て,,,,
1777465918275.5767,つぼはち,花ざかりの君たちへ,YOASOBI,アドレナ,,,,
1777465918275.1384,つぼはち,地獄楽,キタニタツヤ feat. BABYMETAL,かすかなはな,,,,
1777465918275.7769,つぼはち,葬送のフリーレン,,lulu.,,,,
1777465918275.2534,つぼはち,日々は過ぎれど飯うまし,asmi,そんなもんね,,,,
1777465918276.6782,つぼはち,超かぐや姫!,月見ヤチヨ(早見沙織)&かぐや(夏吉ゆうこ),Ex-Otogibanashi,,,,
1777465918276.6433,つぼはち,信じていた仲間達にダンジョン奥地で殺されかけたがギフト『無限ガチャ』でレベル9999の仲間達を手に入れて元パーティーメンバーと世界に復讐&『ざまぁ!』します!,丁,閃より雷や、更りや高き,,,,
1777465918276.5427,つぼはち,呪術廻戦,King Gnu,AIZO,,,,
1777465918276.1345,つぼはち,ある日、お姫様になってしまった件について,Daoko,いいよ,,,,
1777465918276.9592,つぼはち,ある日、お姫様になってしまった件について,XAI,その瞳で,,,,
1777465918276.7498,つぼはち,SI-VIS,SI-VIS,スーパーノヴァ,1,,,
1777465918276.9143,つぼはち,29歳独身中堅冒険者の日常,HoneyWorks feat.Hanon,君が灯してくれた光を今,,,,
1777465918276.2737,つぼはち,29歳独身中堅冒険者の日常,HoneyWorks feat.Kotoha,君の隣は空気が美味しい,,1,,
1777465918276.2903,つぼはち,永久のユウグレ,Uru,プラットフォーム,,,,
1777465918276.322,つぼはち,笑顔のたえない職場です。,HoneyWorks feat.ハコニワリリィ,絶対称賛！,,,,
1777465918276.8667,つぼはち,無職の英雄 ～別にスキルなんか要らなかったんだが～,花耶,Reincarnation,,1,,
1777465918276.9355,つぼはち,幼馴染とはラブコメにならない,小玉ひかり,あまのじゃく,,,,
1777468434556.0168,あきらん,Re:ゼロから始める異世界生活,MYTH & ROID feat. TK（凛として時雨）,Ender Ember,1,,,
1777468434556.9202,あきらん,ゴーストコンサート : missing Songs,藤寺美徳 日高里菜,RES∞NALIST,1,1,,
1777468434556.059,あきらん,ゴーストコンサート  missing Songs,相葉芹亜（CV：藤寺美徳）＆沖田総司（CV：熊谷健太郎）,誠-BUSHIDO HERO-魂,1,1,,
1777468434556.2512,あきらん,多聞くん今どっち！？,F/ACE,Supernova,1,,,
1777468434556.1953,あきらん,異世界のんびり農家２,下地紫野 洲崎綾,It’s a beautiful story,1,1,,
1777468434556.106,あきらん,本好きの下剋上 領主の養女,Little Glee Monster,Pages,1,1,,
1777468603851.4207,あきらん,とんがり帽子のアトリエ,Eve featuring suis from ヨルシカ,風のアンセム,1,,,
1777472306756.825,あきらん,よわよわ先生,鶸村ひより(CV.高野麻里佳)、椋林瑞希(CV.伊駒ゆりえ)、雪下祐樹(CV.篠原 侑),よわよわ つよつよ みにみに こわこわ,1,,,
1777773040482.147,加古,ゴーストコンサート,相葉芹亜（藤寺美徳）&クレオパトラ（日高里菜）,RES∞NALIST,1,,,
1777773105643.4216,加古,ゴーストコンサート,相葉芹亜（藤寺美徳）&ニコラ・テスラ（佐々木崇）,gifted,1,,,
1777773150402.6946,加古,ゴーストコンサート,相葉芹亜（藤寺美徳）&沖田総司（熊谷健太郎）,誠-BUSHIDO HERO-魂,1,,,
1777773209184.2146,加古,ゴーストコンサート,相葉芹亜（藤寺美徳）,業魂REQUIEMER,,1,,
1777773360331.6057,加古,とんがり帽子のアトリエ,Eve featuring suis from ヨルシカ,風のアンセム,1,1,,
1777773591098.5752,加古,Re:ゼロから始める異世界生活,MYTH & ROID feat. TK（凛として時雨）,Ender Ember,1,1,,
1777773711482.235,加古,氷の城壁,Novelbright,透明,,,,
1777773789411.7075,加古,あかね噺,桑田佳祐,人誑し / ひとたらし,,,,
1777773866915.0732,加古,春夏秋冬代行者 春の舞,Orangestar feat. 夏背,Petals,,1,,
1777773992044.6409,加古,Dr.STONE,ASIAN KUNG-FU GENERATION,スキンズ,,,,
